Workbook

Sheet School List
A1: Name | B1: Type of School | C1: Population | D1: Capacity | E1: Town | H1: University | I1: Elementary | J1: Middle | K1: College | L1: High | N1: =IF(AND(H1="university",I1="elementary",J1="middle",K1="college",L1="high"),"","Check sort order")
A2: Bear Mountain Elementary | B2: Elementary | C2: 348 | D2: 350 | E2: Bear Mountain | G2: Occupancy | H2: =SUMIF($B$2:$B$43,H1,$C$2:$C$43)/SUMIF($B$2:$B$43,H1,$D$2:$D$43) -> 0.87132686 | I2: =SUMIF($B$2:$B$43,I1,$C$2:$C$43)/SUMIF($B$2:$B$43,I1,$D$2:$D$43) -> 0.94275466 | J2: =SUMIF($B$2:$B$43,J1,$C$2:$C$43)/SUMIF($B$2:$B$43,J1,$D$2:$D$43) -> 0.95025641 | K2: =SUMIF($B$2:$B$43,K1,$C$2:$C$43)/SUMIF($B$2:$B$43,K1,$D$2:$D$43) -> 0.97869737 | L2: =SUMIF($B$2:$B$43,L1,$C$2:$C$43)/SUMIF($B$2:$B$43,L1,$D$2:$D$43) -> 0.98539088
A3: Bear Mountain Community College | B3: College | C3: 1604 | D3: 1620 | E3: Bear Mountain | H3: =IF(ISBLANK(H2),"",IF(_xlfn.ISFORMULA(H2),IF(_xlfn.FORMULATEXT(H2)="=SUMIF($B$2:$B$43,H1,$C$2:$C$43)/SUMIF($B$2:$B$43,H1,$D$2:$D$43)",1,2))) -> 1 | I3: =IF(ISBLANK(I2),"",IF(_xlfn.ISFORMULA(I2),IF(_xlfn.FORMULATEXT(I2)="=SUMIF($B$2:$B$43,i1,$C$2:$C$43)/SUMIF($B$2:$B$43,i1,$D$2:$D$43)",1,2))) -> 1 | J3: =IF(ISBLANK(J2),"",IF(_xlfn.ISFORMULA(J2),IF(_xlfn.FORMULATEXT(J2)="=SUMIF($B$2:$B$43,j1,$C$2:$C$43)/SUMIF($B$2:$B$43,j1,$D$2:$D$43)",1,2))) -> 1 | K3: =IF(ISBLANK(K2),"",IF(_xlfn.ISFORMULA(K2),IF(_xlfn.FORMULATEXT(K2)="=SUMIF($B$2:$B$43,k1,$C$2:$C$43)/SUMIF($B$2:$B$43,k1,$D$2:$D$43)",1,2))) -> 1 | L3: =IF(ISBLANK(L2),"",IF(_xlfn.ISFORMULA(L2),IF(_xlfn.FORMULATEXT(L2)="=SUMIF($B$2:$B$43,l1,$C$2:$C$43)/SUMIF($B$2:$B$43,l1,$D$2:$D$43)",1,2))) -> 1
A4: Rainbow Elementary School | B4: Elementary | C4: 625 | D4: 630 | E4: Collinsville | H4: =IF(H3="","",IF(H3=1,"Nice work!","Hmm…try again")) -> Nice work! | I4: =IF(I3="","",IF(I3=1,"Nice work!","Hmm…try again")) -> Nice work! | J4: =IF(J3="","",IF(J3=1,"Nice work!","Hmm…try again")) -> Nice work! | K4: =IF(K3="","",IF(K3=1,"Nice work!","Hmm…try again")) -> Nice work! | L4: =IF(L3="","",IF(L3=1,"Nice work!","Hmm…try again")) -> Nice work!
A5: Collinsville Middle School | B5: Middle | C5: 449 | D5: 470 | E5: Collinsville
A6: Grand Ridge Academy | B6: High | C6: 1748 | D6: 1790 | E6: Collinsville
A7: Eastwood Elementary School | B7: Elementary | C7: 521 | D7: 620 | E7: Eastwood
A8: Collingwood Public | B8: Middle | C8: 845 | D8: 960 | E8: Eastwood
A9: Saint Mary's Middle School | B9: Middle | C9: 510 | D9: 525 | E9: Eastwood
A10: Eastwood High School | B10: High | C10: 1025 | D10: 1100 | E10: Eastwood
A11: Casper High School | B11: High | C11: 845 | D11: 850 | E11: Eastwood
A12: Pioneer School of Fine Arts | B12: College | C12: 2587 | D12: 2595 | E12: Eastwood
A13: Silver Valley Elementary School | B13: Elementary | C13: 541 | D13: 550 | E13: Findlay
A14: Lone Oak Middle School | B14: Middle | C14: 579 | D14: 595 | E14: Findlay
A15: Fortuna High School | B15: High | C15: 2008 | D15: 2010 | E15: Findlay
A16: Alpha Community College | B16: College | C16: 4512 | D16: 4600 | E16: Findlay
... A43: Westview Park College | B43: College | C43: 2225 | D43: 2230 | E43: Westview Park
A45: {=IF(AND(EXACT(A46:E87,"TRUE")),1,"Check sort order")} -> 1
A46: =A2=Sheet1!A2 -> TRUE | B46: =B2=Sheet1!B2 -> TRUE | C46: =C2=Sheet1!C2 -> TRUE | D46: =D2=Sheet1!D2 -> TRUE | E46: =E2=Sheet1!E2 -> TRUE
A47: =A3=Sheet1!A3 -> TRUE | B47: =B3=Sheet1!B3 -> TRUE | C47: =C3=Sheet1!C3 -> TRUE | D47: =D3=Sheet1!D3 -> TRUE | E47: =E3=Sheet1!E3 -> TRUE
A48: =A4=Sheet1!A4 -> TRUE | B48: =B4=Sheet1!B4 -> TRUE | C48: =C4=Sheet1!C4 -> TRUE | D48: =D4=Sheet1!D4 -> TRUE | E48: =E4=Sheet1!E4 -> TRUE
A49: =A5=Sheet1!A5 -> TRUE | B49: =B5=Sheet1!B5 -> TRUE | C49: =C5=Sheet1!C5 -> TRUE | D49: =D5=Sheet1!D5 -> TRUE | E49: =E5=Sheet1!E5 -> TRUE
A50: =A6=Sheet1!A6 -> TRUE | B50: =B6=Sheet1!B6 -> TRUE | C50: =C6=Sheet1!C6 -> TRUE | D50: =D6=Sheet1!D6 -> TRUE | E50: =E6=Sheet1!E6 -> TRUE
A51: =A7=Sheet1!A7 -> TRUE | B51: =B7=Sheet1!B7 -> TRUE | C51: =C7=Sheet1!C7 -> TRUE | D51: =D7=Sheet1!D7 -> TRUE | E51: =E7=Sheet1!E7 -> TRUE
A52: =A8=Sheet1!A8 -> TRUE | B52: =B8=Sheet1!B8 -> TRUE | C52: =C8=Sheet1!C8 -> TRUE | D52: =D8=Sheet1!D8 -> TRUE | E52: =E8=Sheet1!E8 -> TRUE
A53: =A9=Sheet1!A9 -> TRUE | B53: =B9=Sheet1!B9 -> TRUE | C53: =C9=Sheet1!C9 -> TRUE | D53: =D9=Sheet1!D9 -> TRUE | E53: =E9=Sheet1!E9 -> TRUE
A54: =A10=Sheet1!A10 -> TRUE | B54: =B10=Sheet1!B10 -> TRUE | C54: =C10=Sheet1!C10 -> TRUE | D54: =D10=Sheet1!D10 -> TRUE | E54: =E10=Sheet1!E10 -> TRUE
A55: =A11=Sheet1!A11 -> TRUE | B55: =B11=Sheet1!B11 -> TRUE | C55: =C11=Sheet1!C11 -> TRUE | D55: =D11=Sheet1!D11 -> TRUE | E55: =E11=Sheet1!E11 -> TRUE
A56: =A12=Sheet1!A12 -> TRUE | B56: =B12=Sheet1!B12 -> TRUE | C56: =C12=Sheet1!C12 -> TRUE | D56: =D12=Sheet1!D12 -> TRUE | E56: =E12=Sheet1!E12 -> TRUE
A57: =A13=Sheet1!A13 -> TRUE | B57: =B13=Sheet1!B13 -> TRUE | C57: =C13=Sheet1!C13 -> TRUE | D57: =D13=Sheet1!D13 -> TRUE | E57: =E13=Sheet1!E13 -> TRUE
... A87: =A43=Sheet1!A43 -> TRUE | B87: =B43=Sheet1!B43 -> TRUE | C87: =C43=Sheet1!C43 -> TRUE | D87: =D43=Sheet1!D43 -> TRUE | E87: =E43=Sheet1!E43 -> TRUE

Sheet Sheet1
A1: Name | B1: Type of School | C1: Population | D1: Capacity | E1: Town
A2: Bear Mountain Elementary | B2: Elementary | C2: 348 | D2: 350 | E2: Bear Mountain
A3: Bear Mountain Community College | B3: College | C3: 1604 | D3: 1620 | E3: Bear Mountain
A4: Rainbow Elementary School | B4: Elementary | C4: 625 | D4: 630 | E4: Collinsville
A5: Collinsville Middle School | B5: Middle | C5: 449 | D5: 470 | E5: Collinsville
A6: Grand Ridge Academy | B6: High | C6: 1748 | D6: 1790 | E6: Collinsville
A7: Eastwood Elementary School | B7: Elementary | C7: 521 | D7: 620 | E7: Eastwood
A8: Collingwood Public | B8: Middle | C8: 845 | D8: 960 | E8: Eastwood
A9: Saint Mary's Middle School | B9: Middle | C9: 510 | D9: 525 | E9: Eastwood
A10: Eastwood High School | B10: High | C10: 1025 | D10: 1100 | E10: Eastwood
A11: Casper High School | B11: High | C11: 845 | D11: 850 | E11: Eastwood
A12: Pioneer School of Fine Arts | B12: College | C12: 2587 | D12: 2595 | E12: Eastwood
A13: Silver Valley Elementary School | B13: Elementary | C13: 541 | D13: 550 | E13: Findlay
... A43: Westview Park College | B43: College | C43: 2225 | D43: 2230 | E43: Westview Park
